{
	"info": {
		"_postman_id": "e56290a7-2a41-4855-982d-0dd60ae93bfc",
		"name": "ChallengeDataLake",
		"schema": "https://schema.getpostman.com/json/collection/v2.1.0/collection.json",
		"_exporter_id": "41751296"
	},
	"item": [
		{
			"name": "top_tech",
			"request": {
				"method": "GET",
				"header": []
			},
			"response": []
		},
		{
			"name": "adzuna",
			"request": {
				"method": "GET",
				"header": []
			},
			"response": []
		},
		{
			"name": "database",
			"request": {
				"method": "GET",
				"header": []
			},
			"response": []
		},
		{
			"name": "platform",
			"request": {
				"method": "GET",
				"header": []
			},
			"response": []
		},
		{
			"name": "web_framework",
			"request": {
				"method": "GET",
				"header": []
			},
			"response": []
		},
		{
			"name": "github_repo",
			"request": {
				"method": "GET",
				"header": []
			},
			"response": []
		},
		{
			"name": "job_offer",
			"request": {
				"method": "GET",
				"header": []
			},
			"response": []
		},
		{
			"name": "remoteok_job",
			"request": {
				"method": "GET",
				"header": []
			},
			"response": []
		}
	]
}